Accession_OD,Pvalue_OD
A0A075B6H7,0.380321525
A0A075B6H9,0.493844038
A0A075B6I0,0.590413114
A0A075B6I1,0.238155547
A0A075B6I4,0.238155547
A0A075B6I9,0.400645254
A0A075B6J1,0.144422986
A0A075B6J9,0.436427189
A0A075B6K0,0.63624677
A0A075B6K4,0.733411303
A0A075B6K5,0.707861202
A0A075B6P5,0.766212045
A0A075B6Q5,0.452320533
A0A075B6R2,0.736275502
A0A075B6R9,0.671890557
A0A075B6S5,0.63624677
A0A075B6S6,0.75218622
A0A087WSY6,0.676362564
A0A087WSZ0,0.238155547
A0A087WW87,0.754644588
A0A0A0MS14,0.195763682
A0A0A0MS15,0.611601867
A0A0A0MT36,0.436427189
A0A0A0MT89,0.238155547
A0A0B4J1U3,0.195763682
A0A0B4J1U7,0.506000452
A0A0B4J1V0,0.574708476
A0A0B4J1V1,0.877069398
A0A0B4J1V2,0.493844038
A0A0B4J1V6,0.506000452
A0A0B4J1X5,0.863445399
A0A0B4J1X8,0.845630832
A0A0B4J1Y8,0.380321525
A0A0B4J1Y9,0.684916339
A0A0B4J2D9,0.436427189
A0A0B4J2H0,0.684916339
A0A0C4DH24,0.400645254
A0A0C4DH25,0.831010659
A0A0C4DH29,0.692989778
A0A0C4DH31,0.641865588
A0A0C4DH32,0.839680989
A0A0C4DH33,0.357988835
A0A0C4DH34,0.689010301
A0A0C4DH35,0.528280715
A0A0C4DH36,0.452320533
A0A0C4DH38,0.795036134
A0A0C4DH43,0.582734353
A0A0C4DH67,0.63624677
A0A0C4DH73,0.768391135
A0A0G2JS06,0.274224549
A0A0J9YX35,0.506000452
A0A0J9YXX1,0.718035753
A0M8Q6,0.87948762
A1L4H1,0.604825693
A2NJV5,0.782546433
A6NFH5,0.144422986
A6NHZ5,0.079407963
A6NI73,0.195763682
A8MT33,0.238155547
B9A064,0.942875942
O00115,0.144422986
O00151,0.506000452
O00187,0.861922462
O00241,0.357988835
O00299,0.611601867
O00391,0.89777529
O00429,0.079407963
O00451,0.079407963
O00462,0.548255619
O00533,0.909786205
O00584,0.467104484
O00592,0.493844038
O00602,0.333249116
O00748,0.079407963
O14498,0.528280715
O14773,0.079407963
O14786,0.791619235
O14791,0.855488378
O14793,0.144422986
O14798,0.144422986
O14818,0.557501863
O14950,0.274224549
O14960,0.238155547
O15031,0.566307926
O15143,0.590413114
O15144,0.480909357
O15145,0.333249116
O15204,0.380321525
O15394,0.714729793
O15403,0.195763682
O15511,0.333249116
O43150,0.680702389
O43157,0.538530047
O43278,0.305571587
O43280,0.528280715
O43291,0.079407963
O43396,0.195763682
O43432,0.195763682
O43451,0.400645254
O43493,0.574708476
O43505,0.548255619
O43639,0.195763682
O43665,0.144422986
O43707,0.902759376
O43852,0.400645254
O43866,0.915929602
O43895,0.467104484
O60234,0.195763682
O60279,0.357988835
O60449,0.238155547
O60462,0.630424222
O75015,0.707861202
O75023,0.274224549
O75083,0.754644588
O75144,0.611601867
O75223,0.419266655
O75326,0.467104484
O75339,0.357988835
O75347,0.333249116
O75356,0.305571587
O75368,0.467104484
O75390,0.079407963
O75460,0.357988835
O75503,0.274224549
O75509,0.274224549
O75581,0.079407963
O75594,0.305571587
O75635,0.144422986
O75636,0.941173001
O75791,0.274224549
O75874,0.333249116
O75882,0.98054346
O75923,0.144422986
O75976,0.079407963
O94876,0.238155547
O94919,0.333249116
O94933,0.079407963
O94985,0.400645254
O95185,0.079407963
O95274,0.195763682
O95382,0.079407963
O95428,0.274224549
O95445,0.860366439
O95477,0.274224549
O95479,0.809106654
O95497,0.883508852
O95633,0.238155547
O95810,0.624385303
O95834,0.436427189
O95897,0.144422986
O95967,0.079407963
O95980,0.597769477
O95995,0.195763682
P00325,0.538530047
P00338,0.692989778
P00352,0.380321525
P00367,0.079407963
P00387,0.079407963
P00390,0.689010301
P00441,0.754644588
P00450,0.997256538
P00451,0.436427189
P00488,0.951264794
P00491,0.711339462
P00492,0.238155547
P00533,0.647292285
P00558,0.721260701
P00568,0.380321525
P00734,0.987559125
P00736,0.973896426
P00738,0.991258244
P00739,0.975054045
P00740,0.938870628
P00742,0.943026404
P00746,0.875194312
P00747,0.991471104
P00748,0.947364434
P00751,0.981903495
P00915,0.953135389
P00918,0.837596577
P00973,0.079407963
P01008,0.995549261
P01009,0.993974269
P01011,0.995383088
P01019,0.970965481
P01023,0.99838539
P01024,0.998872655
P01031,0.990404395
P01033,0.597769477
P01034,0.744491151
P01036,0.238155547
P01040,0.689010301
P01042,0.981497278
P01130,0.493844038
P01137,0.357988835
P01344,0.574708476
P01589,0.144422986
P01591,0.813374497
P01593,0.641865588
P01599,0.493844038
P01601,0.506000452
P01602,0.624385303
P01619,0.829861448
P01699,0.467104484
P01700,0.667279604
P01701,0.604825693
P01703,0.506000452
P01704,0.506000452
P01705,0.274224549
P01706,0.557501863
P01709,0.618116217
P01714,0.680702389
P01718,0.652537546
P01721,0.718035753
P01742,0.700625565
P01743,0.684916339
P01766,0.840703619
P01767,0.878289926
P01768,0.864194797
P01780,0.895100609
P01817,0.195763682
P01824,0.766212045
P01833,0.657611226
P01834,0.97408922
P01857,0.989319395
P01859,0.988984417
P01860,0.985663981
P01861,0.969812086
P01871,0.972132715
P01876,0.980472203
P01877,0.941802594
P01880,0.759411754
P01889,0.538530047
P01893,0.493844038
P01911,0.195763682
P02042,0.896898026
P02144,0.480909357
P02452,0.357988835
P02461,0.480909357
P02545,0.144422986
P02647,0.996197549
P02649,0.973740434
P02652,0.822627473
P02654,0.910471403
P02655,0.662522434
P02656,0.795036134
P02671,0.995647868
P02675,0.995809393
P02679,0.992992809
P02730,0.238155547
P02741,0.823875216
P02743,0.960548225
P02745,0.884611453
P02746,0.957074024
P02747,0.904321486
P02748,0.968471509
P02749,0.9490132
P02750,0.925678168
P02751,0.994037134
P02753,0.972475907
P02760,0.972433401
P02763,0.981232838
P02765,0.98523977
P02766,0.975161462
P02768,0.999515992
P02774,0.994812855
P02775,0.839680989
P02776,0.741813184
P02786,0.786270699
P02787,0.99453498
P02788,0.671890557
P02790,0.996518931
P02792,0.662522434
P02794,0.480909357
P03950,0.528280715
P03951,0.885155384
P03952,0.956798946
P03973,0.144422986
P04003,0.97187052
P04004,0.9770006
P04040,0.911147061
P04066,0.597769477
P04070,0.861148655
P04075,0.833263681
P04083,0.079407963
P04114,0.999667732
P04156,0.195763682
P04179,0.63624677
P04180,0.782546433
P04196,0.974800331
P04211,0.436427189
P04217,0.984810212
P04275,0.964955475
P04278,0.875825363
P04406,0.741813184
P04424,0.195763682
P04430,0.380321525
P04433,0.566307926
P04439,0.590413114
P04440,0.238155547
P04626,0.195763682
P04632,0.079407963
P04745,0.721260701
P04746,0.721260701
P04792,0.493844038
P05019,0.144422986
P05060,0.144422986
P05062,0.741813184
P05067,0.528280715
P05089,0.493844038
P05090,0.919145885
P05106,0.51745692
P05109,0.757052554
P05121,0.357988835
P05154,0.912143095
P05155,0.992865588
P05156,0.964891215
P05160,0.964170736
P05164,0.333249116
P05186,0.467104484
P05362,0.75218622
P05451,0.557501863
P05452,0.902759376
P05543,0.969712446
P05546,0.992609557
P05556,0.741813184
P05981,0.079407963
P05997,0.079407963
P06239,0.238155547
P06276,0.965772778
P06310,0.749675738
P06312,0.791619235
P06331,0.774683722
P06396,0.986545204
P06454,0.274224549
P06681,0.978055041
P06702,0.79670228
P06703,0.274224549
P06727,0.994057858
P06732,0.274224549
P06733,0.696859923
P06737,0.238155547
P06744,0.718035753
P06753,0.829861448
P06865,0.506000452
P07108,0.079407963
P07148,0.357988835
P07195,0.791619235
P07225,0.930247782
P07237,0.749675738
P07307,0.274224549
P07311,0.079407963
P07333,0.736275502
P07339,0.676362564
P07355,0.582734353
P07357,0.961624416
P07358,0.957074024
P07359,0.829861448
P07360,0.919984252
P07384,0.557501863
P07437,0.671890557
P07451,0.333249116
P07476,0.079407963
P07477,0.63624677
P07478,0.597769477
P07602,0.557501863
P07686,0.597769477
P07711,0.238155547
P07737,0.847519241
P07738,0.618116217
P07858,0.700625565
P07900,0.662522434
P07911,0.647292285
P07942,0.770528618
P07951,0.780634011
P07996,0.93712534
P07998,0.590413114
P08123,0.305571587
P08138,0.079407963
P08174,0.528280715
P08185,0.9490132
P08195,0.754644588
P08236,0.333249116
P08238,0.582734353
P08253,0.652537546
P08294,0.736275502
P08311,0.144422986
P08493,0.305571587
P08514,0.557501863
P08519,0.882386142
P08567,0.700625565
P08571,0.861922462
P08572,0.195763682
P08575,0.51745692
P08581,0.582734353
P08603,0.996761737
P08637,0.689010301
P08648,0.195763682
P08697,0.969861697
P08709,0.782546433
P08758,0.557501863
P08833,0.274224549
P08887,0.357988835
P09104,0.467104484
P09172,0.938870628
P09211,0.557501863
P09326,0.305571587
P09382,0.238155547
P09417,0.333249116
P09467,0.357988835
P09486,0.793342036
P09493,0.79670228
P09496,0.079407963
P09525,0.380321525
P09603,0.079407963
P09619,0.528280715
P09668,0.419266655
P09871,0.987858732
P09960,0.657611226
P09972,0.604825693
P0C0L4,0.998295037
P0C0L5,0.99839757
P0DJD7,0.144422986
P0DJI8,0.80310139
P0DJI9,0.724407809
P0DMV9,0.641865588
P0DOY2,0.94449313
P0DP01,0.676362564
P0DP04,0.859575672
P0DP08,0.761723752
P0DP25,0.597769477
P0DPF2,0.079407963
P0DSN7,0.548255619
P10124,0.652537546
P10153,0.452320533
P10321,0.538530047
P10451,0.452320533
P10586,0.763990039
P10599,0.51745692
P10619,0.333249116
P10643,0.971287814
P10644,0.079407963
P10645,0.480909357
P10646,0.274224549
P10721,0.727480077
P10909,0.986773608
P10912,0.333249116
P11021,0.883508852
P11047,0.657611226
P11142,0.817455445
P11150,0.274224549
P11169,0.079407963
P11216,0.195763682
P11226,0.899065341
P11279,0.582734353
P11362,0.528280715
P11413,0.357988835
P11597,0.597769477
P11717,0.857967902
P11766,0.144422986
P12109,0.696859923
P12110,0.305571587
P12111,0.888319877
P12259,0.963146294
P12273,0.419266655
P12318,0.380321525
P12429,0.51745692
P12814,0.963146294
P12821,0.788084389
P12830,0.680702389
P12883,0.195763682
P12931,0.436427189
P12955,0.878891586
P13224,0.195763682
P13473,0.736275502
P13489,0.436427189
P13591,0.8872835
P13598,0.657611226
P13611,0.380321525
P13667,0.652537546
P13671,0.964369741
P13688,0.557501863
P13693,0.305571587
P13716,0.480909357
P13727,0.436427189
P13796,0.889338444
P13797,0.714729793
P13798,0.467104484
P13987,0.528280715
P14151,0.886228835
P14207,0.305571587
P14209,0.079407963
P14314,0.597769477
P14324,0.238155547
P14384,0.079407963
P14543,0.741813184
P14550,0.357988835
P14618,0.778686771
P14625,0.832144633
P14778,0.274224549
P14780,0.079407963
P14923,0.671890557
P15085,0.467104484
P15086,0.467104484
P15090,0.238155547
P15121,0.380321525
P15144,0.935288718
P15151,0.707861202
P15169,0.956427358
P15289,0.079407963
P15291,0.419266655
P15309,0.452320533
P15509,0.079407963
P15529,0.333249116
P15531,0.582734353
P15586,0.079407963
P15814,0.714729793
P15924,0.809106654
P16035,0.195763682
P16070,0.816115097
P16109,0.799953573
P16112,0.548255619
P16233,0.144422986
P16284,0.467104484
P16444,0.079407963
P16581,0.759411754
P16930,0.739075362
P17050,0.144422986
P17174,0.662522434
P17181,0.079407963
P17301,0.238155547
P17693,0.380321525
P17813,0.597769477
P17900,0.452320533
P17927,0.357988835
P17936,0.84844664
P18065,0.624385303
P18206,0.932346387
P18428,0.851164041
P18669,0.624385303
P18827,0.144422986
P18850,0.333249116
P19021,0.590413114
P19022,0.582734353
P19256,0.467104484
P19320,0.894642061
P19438,0.144422986
P19440,0.238155547
P19652,0.976293372
P19823,0.994323603
P19827,0.993228161
P19961,0.721260701
P19971,0.079407963
P20023,0.604825693
P20036,0.195763682
P20061,0.357988835
P20138,0.144422986
P20142,0.144422986
P20618,0.238155547
P20742,0.981734281
P20774,0.506000452
P20810,0.305571587
P20851,0.75218622
P20908,0.400645254
P20930,0.574708476
P20933,0.51745692
P21291,0.357988835
P21333,0.967538836
P21583,0.079407963
P21709,0.144422986
P21926,0.195763682
P22105,0.933748793
P22303,0.079407963
P22304,0.436427189
P22314,0.400645254
P22352,0.955180261
P22392,0.582734353
P22413,0.079407963
P22455,0.144422986
P22528,0.144422986
P22692,0.493844038
P22735,0.079407963
P22748,0.195763682
P22792,0.961996514
P22891,0.863445399
P22897,0.840703619
P23083,0.618116217
P23141,0.467104484
P23142,0.938008974
P23284,0.557501863
P23381,0.274224549
P23435,0.400645254
P23467,0.333249116
P23468,0.238155547
P23470,0.813374497
P23471,0.357988835
P23490,0.195763682
P23526,0.305571587
P23528,0.684916339
P23588,0.079407963
P24043,0.736275502
P24298,0.144422986
P24387,0.333249116
P24522,0.079407963
P24592,0.641865588
P24593,0.480909357
P24821,0.867826177
P25116,0.079407963
P25311,0.984762967
P25391,0.144422986
P25774,0.436427189
P25786,0.528280715
P25787,0.079407963
P25788,0.419266655
P25789,0.380321525
P25815,0.144422986
P26038,0.814754936
P26447,0.548255619
P26572,0.144422986
P26842,0.144422986
P26927,0.923695376
P26992,0.590413114
P27105,0.195763682
P27169,0.950805492
P27348,0.810550859
P27482,0.566307926
P27487,0.907309881
P27797,0.867114907
P27824,0.333249116
P27918,0.917125872
P27930,0.436427189
P28062,0.274224549
P28065,0.238155547
P28066,0.333249116
P28070,0.238155547
P28072,0.333249116
P28074,0.195763682
P28161,0.195763682
P28482,0.238155547
P28799,0.274224549
P28827,0.582734353
P29017,0.144422986
P29279,0.144422986
P29401,0.692989778
P29508,0.704291239
P29622,0.967762505
P29803,0.195763682
P29966,0.195763682
P30040,0.144422986
P30041,0.684916339
P30043,0.75218622
P30044,0.079407963
P30046,0.400645254
P30085,0.079407963
P30086,0.548255619
P30101,0.809106654
P30530,0.548255619
P30740,0.730480344
P31025,0.380321525
P31146,0.630424222
P31150,0.700625565
P31151,0.721260701
P31431,0.274224549
P31944,0.618116217
P31946,0.844669399
P31947,0.730480344
P32004,0.641865588
P32119,0.789866955
P32321,0.079407963
P32754,0.333249116
P32942,0.590413114
P33151,0.876450362
P33908,0.801540088
P34096,0.480909357
P34932,0.238155547
P35052,0.195763682
P35237,0.480909357
P35247,0.195763682
P35442,0.63624677
P35443,0.799953573
P35542,0.925191311
P35555,0.736275502
P35556,0.079407963
P35579,0.793342036
P35590,0.611601867
P35858,0.973018509
P35916,0.689010301
P35968,0.274224549
P36222,0.641865588
P36269,0.144422986
P36871,0.305571587
P36955,0.958747564
P36980,0.878891586
P37802,0.79670228
P37837,0.714729793
P37840,0.400645254
P39059,0.274224549
P39060,0.718035753
P39748,0.079407963
P40189,0.718035753
P40197,0.676362564
P40199,0.333249116
P40225,0.144422986
P40925,0.597769477
P40967,0.238155547
P41222,0.782546433
P41226,0.079407963
P41271,0.238155547
P41439,0.195763682
P42081,0.144422986
P42126,0.305571587
P42785,0.480909357
P43121,0.841713534
P43251,0.928028588
P43652,0.99457397
P45877,0.238155547
P46109,0.195763682
P46531,0.452320533
P47755,0.305571587
P47756,0.506000452
P47929,0.195763682
P48059,0.305571587
P48304,0.467104484
P48357,0.238155547
P48551,0.195763682
P48594,0.689010301
P48634,0.079407963
P48637,0.676362564
P48723,0.079407963
P48740,0.94548048
P48741,0.641865588
P48745,0.079407963
P49247,0.195763682
P49406,0.305571587
P49407,0.144422986
P49641,0.238155547
P49720,0.333249116
P49721,0.144422986
P49747,0.885694489
P49758,0.238155547
P49908,0.841713534
P49913,0.574708476
P50238,0.079407963
P50336,0.079407963
P50395,0.692989778
P50452,0.357988835
P50453,0.357988835
P50552,0.630424222
P50895,0.480909357
P51858,0.079407963
P51884,0.968038401
P52209,0.419266655
P52565,0.436427189
P52566,0.707861202
P52848,0.144422986
P52907,0.419266655
P53004,0.195763682
P53634,0.480909357
P54108,0.714729793
P54289,0.852923566
P54578,0.144422986
P54707,0.195763682
P54727,0.400645254
P54760,0.195763682
P54764,0.333249116
P54802,0.749675738
P54819,0.144422986
P54920,0.079407963
P55056,0.772625747
P55058,0.79670228
P55072,0.557501863
P55083,0.380321525
P55103,0.548255619
P55209,0.333249116
P55268,0.452320533
P55285,0.538530047
P55287,0.144422986
P55290,0.696859923
P55822,0.079407963
P55899,0.144422986
P56199,0.400645254
P56537,0.144422986
P58335,0.238155547
P58546,0.305571587
P59665,0.357988835
P59998,0.557501863
P60174,0.849363109
P60660,0.400645254
P60709,0.964697212
P60900,0.480909357
P60981,0.238155547
P61077,0.144422986
P61158,0.506000452
P61160,0.400645254
P61204,0.195763682
P61224,0.624385303
P61626,0.671890557
P61769,0.736275502
P61916,0.51745692
P61981,0.806150831
P62258,0.821362027
P62328,0.759411754
P62714,0.079407963
P62805,0.195763682
P62826,0.305571587
P62937,0.724407809
P62942,0.305571587
P62987,0.548255619
P62993,0.195763682
P63104,0.894179744
P63261,0.964501355
P63279,0.079407963
P67936,0.872607764
P68036,0.400645254
P68133,0.955278397
P68366,0.774683722
P68871,0.936402042
P69891,0.624385303
P69905,0.946838051
P78324,0.557501863
P78417,0.782546433
P78504,0.144422986
P78509,0.566307926
P78552,0.333249116
P80108,0.962793516
P80188,0.574708476
P80370,0.144422986
P80723,0.419266655
P81605,0.528280715
P98095,0.079407963
P98160,0.878891586
P98161,0.144422986
P98172,0.238155547
P99999,0.305571587
Q00610,0.274224549
Q00796,0.195763682
Q01082,0.079407963
Q01459,0.774683722
Q01469,0.538530047
Q01518,0.733411303
Q01814,0.195763682
Q01973,0.144422986
Q01995,0.079407963
Q02413,0.680702389
Q02487,0.467104484
Q02763,0.195763682
Q02818,0.274224549
Q02952,0.238155547
Q02985,0.826319119
Q03154,0.144422986
Q03167,0.333249116
Q03591,0.956239466
Q03701,0.079407963
Q04721,0.611601867
Q04756,0.905837651
Q04917,0.782546433
Q05639,0.195763682
Q05682,0.641865588
Q06033,0.974050855
Q06187,0.195763682
Q06323,0.195763682
Q06418,0.274224549
Q06481,0.079407963
Q06830,0.676362564
Q07075,0.689010301
Q07954,0.875194312
Q07960,0.305571587
Q08188,0.590413114
Q08257,0.144422986
Q08345,0.079407963
Q08380,0.853788258
Q08554,0.618116217
Q08830,0.467104484
Q08ET2,0.305571587
Q0VF96,0.079407963
Q0ZGT2,0.238155547
Q10471,0.400645254
Q10588,0.747111343
Q12765,0.195763682
Q12805,0.861922462
Q12830,0.079407963
Q12841,0.566307926
Q12860,0.834368108
Q12864,0.079407963
Q12866,0.400645254
Q12884,0.770528618
Q12907,0.493844038
Q12913,0.776703695
Q12931,0.195763682
Q13093,0.671890557
Q13103,0.724407809
Q13162,0.480909357
Q13201,0.574708476
Q13228,0.75218622
Q13231,0.467104484
Q13232,0.144422986
Q13275,0.079407963
Q13291,0.079407963
Q13308,0.419266655
Q13332,0.611601867
Q13404,0.144422986
Q13418,0.419266655
Q13421,0.195763682
Q13449,0.618116217
Q13508,0.452320533
Q13510,0.144422986
Q13586,0.079407963
Q13630,0.238155547
Q13642,0.195763682
Q13740,0.657611226
Q13790,0.582734353
Q13822,0.795036134
Q13835,0.333249116
Q13867,0.538530047
Q14002,0.195763682
Q14019,0.557501863
Q14112,0.305571587
Q14118,0.557501863
Q14126,0.667279604
Q14162,0.079407963
Q14165,0.079407963
Q14202,0.195763682
Q14210,0.144422986
Q14247,0.079407963
Q14314,0.274224549
Q14315,0.757052554
Q14508,0.144422986
Q14515,0.838645395
Q14520,0.91343956
Q14574,0.274224549
Q14624,0.996630389
Q14697,0.436427189
Q14766,0.641865588
Q14767,0.144422986
Q147U7,0.144422986
Q14847,0.419266655
Q14956,0.506000452
Q14982,0.274224549
Q15043,0.079407963
Q15063,0.749675738
Q15084,0.419266655
Q15113,0.739075362
Q15149,0.144422986
Q15166,0.806150831
Q15185,0.079407963
Q15223,0.195763682
Q15257,0.305571587
Q15262,0.333249116
Q15293,0.079407963
Q15375,0.079407963
Q15404,0.667279604
Q15465,0.144422986
Q15485,0.557501863
Q15517,0.144422986
Q15555,0.452320533
Q15582,0.859575672
Q15691,0.305571587
Q15746,0.144422986
Q15762,0.144422986
Q15819,0.195763682
Q15828,0.333249116
Q15833,0.079407963
Q15848,0.799953573
Q15942,0.538530047
Q16181,0.274224549
Q16270,0.590413114
Q16288,0.274224549
Q16394,0.357988835
Q16531,0.274224549
Q16610,0.955473546
Q16620,0.274224549
Q16627,0.238155547
Q16651,0.144422986
Q16706,0.667279604
Q16778,0.274224549
Q16832,0.079407963
Q16851,0.538530047
Q16853,0.75218622
Q16881,0.480909357
Q2KHM9,0.696859923
Q2M385,0.195763682
Q2TV78,0.847519241
Q32MZ4,0.144422986
Q3L8U1,0.079407963
Q3SYG4,0.238155547
Q3ZCW2,0.452320533
Q401N2,0.144422986
Q495M3,0.195763682
Q495W5,0.079407963
Q4G0Z9,0.079407963
Q4G148,0.079407963
Q4KMG0,0.238155547
Q4KWH8,0.238155547
Q562R1,0.901556361
Q58EX2,0.238155547
Q5D862,0.667279604
Q5JPE7,0.333249116
Q5SY68,0.305571587
Q5T013,0.823875216
Q5TFQ8,0.538530047
Q5VTT5,0.195763682
Q5VY43,0.357988835
Q5VZ46,0.079407963
Q5ZPR3,0.144422986
Q66K66,0.657611226
Q68DL7,0.357988835
Q6EMK4,0.811973303
Q6GTS8,0.333249116
Q6GTX8,0.144422986
Q6IBS0,0.452320533
Q6P179,0.667279604
Q6P387,0.274224549
Q6P4A8,0.079407963
Q6P4E1,0.079407963
Q6P9F7,0.557501863
Q6PI73,0.305571587
Q6UVK1,0.566307926
Q6UWP8,0.724407809
Q6UX71,0.770528618
Q6UXB8,0.892769699
Q6UXD5,0.144422986
Q6UXK5,0.333249116
Q6UXM1,0.305571587
Q6UY14,0.400645254
Q6V0I7,0.079407963
Q6VAB6,0.305571587
Q6XQN6,0.144422986
Q6YHK3,0.786270699
Q6ZMI3,0.274224549
Q6ZVX7,0.274224549
Q76LX8,0.80764016
Q7RTM1,0.079407963
Q7Z3B1,0.467104484
Q7Z5L0,0.079407963
Q7Z5N4,0.333249116
Q7Z7G0,0.754644588
Q7Z7M0,0.825105641
Q7Z7M8,0.419266655
Q7Z7M9,0.079407963
Q86SF2,0.195763682
Q86SQ4,0.480909357
Q86TH1,0.528280715
Q86TY3,0.144422986
Q86U17,0.641865588
Q86UD1,0.590413114
Q86UN3,0.548255619
Q86UP0,0.195763682
Q86UX7,0.859575672
Q86VB7,0.875194312
Q86VD1,0.079407963
Q86VQ0,0.079407963
Q86VQ6,0.079407963
Q86WI1,0.671890557
Q86YT9,0.274224549
Q86YZ3,0.866396254
Q8IUB2,0.467104484
Q8IUK5,0.333249116
Q8IUK8,0.274224549
Q8IUL8,0.400645254
Q8IVW4,0.144422986
Q8IW75,0.195763682
Q8IWE2,0.333249116
Q8IWL2,0.305571587
Q8IWR0,0.144422986
Q8IWV2,0.680702389
Q8IXB1,0.079407963
Q8IXL6,0.528280715
Q8IYS5,0.238155547
Q8IZA0,0.195763682
Q8IZF2,0.684916339
Q8IZP9,0.195763682
Q8N0W4,0.452320533
Q8N149,0.467104484
Q8N1Q1,0.238155547
Q8N3J6,0.079407963
Q8N3T6,0.238155547
Q8N423,0.305571587
Q8N5R6,0.357988835
Q8N6C8,0.700625565
Q8N8Z6,0.079407963
Q8NBJ4,0.574708476
Q8NBP7,0.724407809
Q8NBS9,0.467104484
Q8NCC3,0.400645254
Q8NCW5,0.195763682
Q8NCY6,0.274224549
Q8NDA2,0.079407963
Q8NFT8,0.238155547
Q8NFY4,0.144422986
Q8NFZ8,0.079407963
Q8NHL6,0.380321525
Q8NHP8,0.079407963
Q8TDQ0,0.144422986
Q8TDY8,0.333249116
Q8TE99,0.380321525
Q8TER0,0.419266655
Q8TEU8,0.079407963
Q8WVN6,0.079407963
Q8WVV4,0.079407963
Q8WWA1,0.195763682
Q8WWU5,0.079407963
Q8WWV6,0.195763682
Q8WWY7,0.195763682
Q8WWZ8,0.582734353
Q8WXX5,0.079407963
Q8WZ75,0.582734353
Q8WZA1,0.238155547
Q92484,0.467104484
Q92485,0.144422986
Q92496,0.51745692
Q92520,0.493844038
Q92597,0.305571587
Q92686,0.238155547
Q92692,0.144422986
Q92743,0.144422986
Q92820,0.894179744
Q92823,0.597769477
Q92854,0.144422986
Q92859,0.727480077
Q92876,0.144422986
Q92896,0.079407963
Q92954,0.905085183
Q92956,0.079407963
Q93063,0.400645254
Q93070,0.274224549
Q969H8,0.195763682
Q969T7,0.94347359
Q96AP7,0.238155547
Q96AQ7,0.333249116
Q96B86,0.144422986
Q96BZ4,0.305571587
Q96C23,0.144422986
Q96CN7,0.195763682
Q96D03,0.380321525
Q96DR8,0.079407963
Q96EE4,0.079407963
Q96EH3,0.079407963
Q96F07,0.574708476
Q96FE7,0.144422986
Q96FQ6,0.144422986
Q96FW1,0.144422986
Q96G03,0.274224549
Q96H15,0.144422986
Q96HC4,0.079407963
Q96HD1,0.333249116
Q96HE9,0.506000452
Q96IU4,0.144422986
Q96IY4,0.950689476
Q96J42,0.144422986
Q96JA1,0.079407963
Q96KG7,0.380321525
Q96KN2,0.945201576
Q96NZ9,0.238155547
Q96P31,0.274224549
Q96P63,0.480909357
Q96PD5,0.97204578
Q96QA5,0.144422986
Q96QU8,0.144422986
Q96RD9,0.357988835
Q96S53,0.079407963
Q96S96,0.727480077
Q99435,0.238155547
Q99436,0.079407963
Q99439,0.195763682
Q99460,0.079407963
Q99466,0.144422986
Q99497,0.611601867
Q99574,0.079407963
Q99650,0.557501863
Q99715,0.436427189
Q99733,0.195763682
Q99784,0.744491151
Q99969,0.538530047
Q99972,0.528280715
Q99983,0.333249116
Q9BQ51,0.333249116
Q9BQI7,0.195763682
Q9BQS7,0.274224549
Q9BR76,0.079407963
Q9BRA2,0.195763682
Q9BRF8,0.079407963
Q9BRK5,0.144422986
Q9BS26,0.238155547
Q9BS40,0.305571587
Q9BTY2,0.684916339
Q9BW61,0.357988835
Q9BWD1,0.238155547
Q9BWP8,0.647292285
Q9BXJ4,0.436427189
Q9BXR6,0.79670228
Q9BY67,0.566307926
Q9BYE9,0.467104484
Q9BYH1,0.195763682
Q9BYK8,0.195763682
Q9C0B1,0.436427189
Q9C0H9,0.144422986
Q9GZP4,0.195763682
Q9GZT8,0.195763682
Q9GZX5,0.333249116
Q9GZX9,0.144422986
Q9H0W9,0.144422986
Q9H0X4,0.357988835
Q9H1D0,0.079407963
Q9H1E1,0.079407963
Q9H1U4,0.467104484
Q9H254,0.548255619
Q9H299,0.590413114
Q9H3S4,0.195763682
Q9H3W5,0.079407963
Q9H4A9,0.689010301
Q9H4B7,0.741813184
Q9H4G4,0.419266655
Q9H6X2,0.305571587
Q9H8J5,0.195763682
Q9H8L6,0.333249116
Q9H939,0.079407963
Q9HAT2,0.333249116
Q9HBB8,0.493844038
Q9HBI1,0.707861202
Q9HBR0,0.380321525
Q9HBW1,0.238155547
Q9HBW9,0.333249116
Q9HBX8,0.144422986
Q9HC38,0.400645254
Q9HC56,0.238155547
Q9HC84,0.195763682
Q9HCB6,0.400645254
Q9HCL0,0.357988835
Q9HCN6,0.274224549
Q9HCU0,0.452320533
Q9HDC9,0.630424222
Q9NNX6,0.144422986
Q9NP58,0.195763682
Q9NP78,0.467104484
Q9NPG4,0.238155547
Q9NPH3,0.856324144
Q9NPR2,0.436427189
Q9NPY3,0.680702389
Q9NQ38,0.400645254
Q9NQ79,0.806150831
Q9NQQ7,0.144422986
Q9NQS3,0.079407963
Q9NR71,0.238155547
Q9NRN5,0.079407963
Q9NS62,0.079407963
Q9NSC7,0.238155547
Q9NTN9,0.079407963
Q9NTU7,0.467104484
Q9NU22,0.079407963
Q9NUQ2,0.079407963
Q9NUQ6,0.667279604
Q9NUQ9,0.144422986
Q9NY15,0.305571587
Q9NY33,0.528280715
Q9NY47,0.357988835
Q9NY65,0.676362564
Q9NY97,0.51745692
Q9NYH9,0.144422986
Q9NZ08,0.662522434
Q9NZH8,0.274224549
Q9NZK5,0.766212045
Q9NZN3,0.436427189
Q9NZP8,0.915319523
Q9NZT1,0.467104484
Q9P121,0.333249116
Q9P232,0.754644588
Q9P2Y5,0.274224549
Q9UBG0,0.647292285
Q9UBP4,0.480909357
Q9UBQ6,0.538530047
Q9UBR2,0.63624677
Q9UBW5,0.538530047
Q9UBX1,0.419266655
Q9UBX5,0.195763682
Q9UEW3,0.357988835
Q9UGM3,0.144422986
Q9UGM5,0.869227027
Q9UGN4,0.144422986
Q9UGT4,0.195763682
Q9UHB6,0.079407963
Q9UHG3,0.80310139
Q9UHJ6,0.144422986
Q9UHL4,0.238155547
Q9UI42,0.333249116
Q9UIB8,0.419266655
Q9UJ14,0.333249116
Q9UJA9,0.144422986
Q9UJC5,0.144422986
Q9UJJ9,0.557501863
Q9UJU6,0.144422986
Q9UK23,0.452320533
Q9UK55,0.890339663
Q9UKJ1,0.195763682
Q9UKU6,0.528280715
Q9UKY3,0.195763682
Q9ULC0,0.144422986
Q9ULI3,0.676362564
Q9ULV4,0.652537546
Q9UM47,0.305571587
Q9UMX5,0.305571587
Q9UN70,0.079407963
Q9UNN8,0.707861202
Q9UNW1,0.711339462
Q9UNZ2,0.079407963
Q9UQ52,0.305571587
Q9UQP3,0.380321525
Q9UQV4,0.144422986
Q9Y274,0.274224549
Q9Y275,0.144422986
Q9Y279,0.419266655
Q9Y2B0,0.144422986
Q9Y2E5,0.305571587
Q9Y2P5,0.305571587
Q9Y2X7,0.144422986
Q9Y3B8,0.079407963
Q9Y490,0.955667211
Q9Y4C0,0.079407963
Q9Y4D7,0.305571587
Q9Y4F1,0.274224549
Q9Y4L1,0.689010301
Q9Y520,0.079407963
Q9Y547,0.144422986
Q9Y5C1,0.707861202
Q9Y5F6,0.195763682
Q9Y5Y7,0.831010659
Q9Y5Z4,0.238155547
Q9Y646,0.480909357
Q9Y696,0.333249116
Q9Y6E2,0.079407963
Q9Y6N7,0.436427189
Q9Y6R7,0.947364434
Q9Y6Z7,0.538530047
O14523,0.079407963
O60941,0.079407963
P01762,0.877069398
P02533,0.938183037
P02538,0.903935347
P04259,0.91407467
P04264,0.980376514
P04279,0.806150831
P07288,0.144422986
P07327,0.506000452
P08263,0.238155547
P08319,0.144422986
P08779,0.935476692
P0DMU7,0.079407963
P13645,0.97187052
P13646,0.840703619
P13647,0.925435461
P13929,0.380321525
P19012,0.870599703
P19013,0.684916339
P21817,0.305571587
P35527,0.971333364
P35609,0.858776209
P35908,0.970253623
P51689,0.195763682
P58166,0.195763682
P59190,0.274224549
P68363,0.799953573
P78386,0.144422986
Q02383,0.847519241
Q04695,0.876450362
Q12986,0.079407963
Q16777,0.144422986
Q4LDE5,0.357988835
Q5JXB2,0.195763682
Q5T749,0.274224549
Q6EEV6,0.079407963
Q6IS14,0.400645254
Q6KB66,0.357988835
Q6NUJ1,0.079407963
Q6ZN84,0.079407963
Q6ZNG0,0.305571587
Q7L2R6,0.238155547
Q7L7V1,0.195763682
Q7RTS7,0.704291239
Q7Z794,0.866396254
Q86X29,0.079407963
Q8IZP2,0.144422986
Q8N1N4,0.657611226
Q8NI99,0.305571587
Q8TDD5,0.079407963
Q96AC6,0.079407963
Q96DA0,0.195763682
Q99941,0.144422986
Q9BTV5,0.079407963
Q9BUN1,0.195763682
Q9BY27,0.195763682
Q9H2M3,0.079407963
Q9H497,0.079407963
Q9H853,0.611601867
Q9NSB2,0.604825693
Q9P281,0.195763682
Q9P2D8,0.079407963
